{"cameraMode":{"drawMode":0,"name":"Shaded","section":"Shading Mode"},"sceneLighting":true,"audioPlay":false,"sceneViewState":{"m_AlwaysRefresh":false,"showFog":true,"showSkybox":true,"showFlares":true,"showImageEffects":true,"showParticleSystems":true,"showVisualEffectGraphs":true,"m_FxEnabled":true},"in2DMode":false,"pivot":{"x":-2.8192827701568605,"y":-2.1452670097351076,"z":11.988836288452149},"rotation":{"x":-0.1630520224571228,"y":-0.017167937010526658,"z":0.002843576017767191,"w":-0.9864525198936462},"size":12.62434196472168,"orthographic":false}